<?xml version="1.0" encoding="UTF-8"?><module codename="org.netbeans.modules.ide.branding/1">
    <module_version install_time="1621001746991" last="true" origin="installer" specification_version="1.44">
        <file crc="2739271892" name="config/Modules/org-netbeans-modules-ide-branding.xml"/>
        <file crc="3045668572" name="core/locale/core_nb.jar"/>
        <file crc="534328872" name="modules/ext/locale/updater_nb.jar"/>
        <file crc="2534941907" name="modules/locale/org-netbeans-core-netigso_nb.jar"/>
        <file crc="2303679189" name="modules/locale/org-netbeans-core-ui_nb.jar"/>
        <file crc="368860772" name="modules/locale/org-netbeans-core-windows_nb.jar"/>
        <file crc="4268270883" name="modules/locale/org-netbeans-core_nb.jar"/>
        <file crc="875441645" name="modules/locale/org-netbeans-modules-autoupdate-ui_nb.jar"/>
        <file crc="2755575684" name="modules/locale/org-netbeans-modules-options-api_nb.jar"/>
        <file crc="3117497260" name="modules/locale/org-netbeans-modules-uihandler_nb.jar"/>
        <file crc="853452206" name="modules/locale/org-netbeans-spi-quicksearch_nb.jar"/>
        <file crc="2305106568" name="modules/org-netbeans-modules-ide-branding.jar"/>
        <file crc="1557520548" name="netbeans.icns"/>
        <file crc="1700504758" name="netbeans.png"/>
        <file crc="1864553960" name="shortcuts.pdf"/>
        <file crc="1848947865" name="shortcuts_mac.pdf"/>
    </module_version>
</module>
